<?xml version="1.0" encoding="UTF-8"?>
<!DOCTYPE hibernate-configuration PUBLIC
		"-//Hibernate/Hibernate Configuration DTD 3.0//EN"
		"http://www.hibernate.org/dtd/hibernate-configuration-3.0.dtd">
<hibernate-configuration>
    <session-factory>
        <property name="hibernate.connection.driver_class">com.mysql.jdbc.Driver</property>
        <property name="hibernate.connection.password">india@123</property>
        <property name="hibernate.connection.url">jdbc:mysql://localhost:3306/PharmacyIntigration</property>
        <property name="hibernate.connection.username">root</property>
        <property name="hibernate.dialect">org.hibernate.dialect.MySQLDialect</property>
        <property name="hbm2ddl.auto">update</property>
        <property name="show_sql">true</property>
        
    	<mapping class="infinite.HealthPharmacy.Login"/>
    	<mapping class="infinite.HealthPharmacy.Pharmacy"/>
    	<mapping class="infinite.HealthPharmacy.OwnerDetail"/>
    	<mapping class="infinite.HealthPharmacy.ViewPending"/>
    	<mapping class="infinite.EnrollPharmacy.LoginOtp"/>
    	<mapping class="infinite.HealthPharmacy.LoginHistory"/>
    	<mapping class="infinite.HealthPharmacy.Stock"/>
    	
    	
    	<mapping class="com.Medical_Entry.Medical"/>
  		<mapping class="com.Medical_Entry.Item_Stock"/>
  		<mapping class="com.Medical_Entry.Medical_Bill"/>
  		<mapping class="com.Medical_Entry.Procedure"/>
  		<mapping class="com.Medical_Entry.Provider"/>
  		
  				
  		
    	
    </session-factory>
</hibernate-configuration>
